{
	"name": "count_pipeline",
	"properties": {
		"activities": [
			{
				"name": "Data flow1",
				"type": "ExecuteDataFlow",
				"dependsOn": [],
				"policy": {
					"timeout": "0.12:00:00",
					"retry": 0,
					"retryIntervalInSeconds": 30,
					"secureOutput": false,
					"secureInput": false
				},
				"userProperties": [],
				"typeProperties": {
					"dataflow": {
						"referenceName": "dataflow1",
						"type": "DataFlowReference",
						"parameters": {
							"samplecount": {
								"value": "@pipeline().parameters.psamplecount",
								"type": "Expression"
							}
						}
					},
					"compute": {
						"coreCount": 8,
						"computeType": "General"
					},
					"traceLevel": "Fine"
				}
			}
		],
		"parameters": {
			"psamplecount": {
				"type": "int"
			}
		},
		"annotations": [],
		"lastPublishTime": "2025-12-03T06:47:09Z"
	},
	"type": "Microsoft.DataFactory/factories/pipelines"
}