{
	"name": "ds_blob_param",
	"properties": {
		"linkedServiceName": {
			"referenceName": "blob_raw",
			"type": "LinkedServiceReference"
		},
		"parameters": {
			"filename": {
				"type": "string"
			}
		},
		"annotations": [],
		"type": "DelimitedText",
		"typeProperties": {
			"location": {
				"type": "AzureBlobStorageLocation",
				"folderPath": "realestatecsvfiles",
				"container": "cntint"
			},
			"columnDelimiter": ",",
			"escapeChar": "\\",
			"firstRowAsHeader": true,
			"quoteChar": "\""
		},
		"schema": [
			{
				"name": "AgentID",
				"type": "String"
			},
			{
				"name": "AgentName",
				"type": "String"
			},
			{
				"name": "Region",
				"type": "String"
			},
			{
				"name": "City",
				"type": "String"
			},
			{
				"name": "JoinDate",
				"type": "String"
			},
			{
				"name": "ExperienceYears",
				"type": "String"
			}
		]
	},
	"type": "Microsoft.DataFactory/factories/datasets"
}